FUN_MATRICULA,FUN_NOME,FUN_SALARIO,FUN_SETOR,FUN_CARGO
453-73-3462,Eartha Bothie,$3745.93,OPERACAO,ASSISTENTE
156-05-1745,Garv Wesgate,$3527.10,MARKETING,ANALISTA
613-29-0204,Stewart Baish,$3358.04,COMERCIAL,OPERADOR DE MAQUINAS
543-38-5444,Franni Jatczak,$2771.45,PROJETOS,ESTAGIARIO
770-45-9647,Alfy Thibodeaux,$2647.81,ESTOQUE,OPERADOR DE MAQUINAS
367-79-5332,Bliss Tirone,$3858.12,FINANCEIRO,ANALISTA
436-83-1140,Thekla Marl,$3604.42,MARKETING,ANALISTA
556-96-6710,Isidora Paulsen,$1874.42,FINANCEIRO,ASSISTENTE
129-20-2679,Mitchell Hartshorne,$1729.72,MARKETING,ANALISTA
731-13-2762,Jessika Roantree,$2022.22,ESTOQUE,ASSISTENTE
421-30-9854,Lucio Manby,$1697.60,OPERACAO,OPERADOR DE MAQUINAS
400-67-3343,Philbert Dybell,$1793.95,OPERACAO,ASSISTENTE
788-51-2151,Vanda Hanna,$3788.98,ESTOQUE,TECNICO
552-27-0700,Benn Geddis,$3518.80,ESTOQUE,ESTAGIARIO
799-27-2515,Even Craister,$2099.84,OPERACAO,ASSISTENTE
644-96-8154,Erskine Jillitt,$3948.25,MARKETING,ASSISTENTE
115-17-1321,Nissie Newiss,$1006.52,PROJETOS,ANALISTA
486-59-2828,Barbi Pettigree,$3338.72,COMERCIAL,ANALISTA
281-91-5712,Rees Le Prevost,$2478.98,COMERCIAL,ESTAGIARIO
214-50-1545,Franni Gussin,$3530.85,ESTOQUE,ASSISTENTE
197-76-1916,Ernesto Arr,$3840.43,ESTOQUE,OPERADOR DE MAQUINAS
723-04-3508,Hazlett Shyres,$2231.85,OPERACAO,TECNICO
306-70-9658,Dulci Tombs,$3038.64,ESTOQUE,TECNICO
762-24-4089,Dorelle Lisle,$1711.70,ESTOQUE,TECNICO
100-85-9196,Abagael Bachman,$2147.50,FINANCEIRO,ESTAGIARIO
269-62-6900,Chip Boome,$1578.17,OPERACAO,ANALISTA
703-32-1030,Cobbie Burniston,$1237.34,ESTOQUE,ESTAGIARIO
668-08-6042,Bentlee Shillaker,$1586.26,FINANCEIRO,ASSISTENTE
125-33-6785,Osborn Wittier,$3440.23,FINANCEIRO,OPERADOR DE MAQUINAS
590-07-5580,Tracie Wearn,$1250.33,PROJETOS,ESTAGIARIO
583-24-9997,Sharyl O'Riordan,$3085.25,FINANCEIRO,TECNICO
539-37-5551,Dennet Dupree,$2083.40,PROJETOS,ANALISTA
700-76-1182,Monica Gales,$3384.87,COMERCIAL,ANALISTA
834-63-8030,Carrol Rebanks,$2307.80,OPERACAO,OPERADOR DE MAQUINAS
877-70-5990,Lon Sevior,$2753.44,ESTOQUE,ANALISTA
898-30-2411,Kynthia Matyashev,$1633.31,PROJETOS,TECNICO
748-15-7581,Consalve Culverhouse,$2925.91,FINANCEIRO,TECNICO
842-13-7644,Benedikta McKiernan,$1434.40,PROJETOS,ANALISTA
357-56-8042,Nicol Mann,$2903.78,COMERCIAL,ANALISTA
289-07-2085,Isaiah Maber,$3358.60,FINANCEIRO,TECNICO
768-29-3239,Chet Kropach,$1098.22,FINANCEIRO,ESTAGIARIO
855-93-0976,Bethany Hidderley,$1637.47,OPERACAO,ASSISTENTE
532-36-0953,Braden Bern,$3113.75,PROJETOS,ESTAGIARIO
619-19-9333,Anthia Scamaden,$1711.95,COMERCIAL,ANALISTA
324-64-0350,Sophie Biaggioni,$2955.22,OPERACAO,TECNICO
460-83-2633,Angelika Poon,$3001.19,FINANCEIRO,ESTAGIARIO
611-91-7784,Odell Baudrey,$1194.72,OPERACAO,TECNICO
118-16-0913,Roger McGebenay,$1839.01,OPERACAO,OPERADOR DE MAQUINAS
320-79-7215,Sam Casacchia,$1569.91,FINANCEIRO,OPERADOR DE MAQUINAS
624-40-3065,Kylie Delany,$3812.80,COMERCIAL,ESTAGIARIO
427-05-2836,Lulita Twinbourne,$1314.13,MARKETING,ESTAGIARIO
296-62-7905,Reginald Capini,$1904.97,PROJETOS,ANALISTA
323-59-2432,Artemas Domico,$1753.61,ESTOQUE,ESTAGIARIO
294-63-6911,Ardra Kingswell,$1818.39,COMERCIAL,TECNICO
605-47-6332,Cletis Jeffryes,$3898.36,FINANCEIRO,ASSISTENTE
889-49-0676,Dori McIllroy,$3232.17,PROJETOS,ESTAGIARIO
661-34-7019,Guillaume Meates,$1098.23,PROJETOS,TECNICO
236-59-1387,Alfie Jackling,$3274.63,ESTOQUE,ESTAGIARIO
333-75-3381,Anatole Dach,$2447.60,FINANCEIRO,OPERADOR DE MAQUINAS
635-80-5215,Artemis Wetter,$1559.05,ESTOQUE,ANALISTA
766-83-9129,Desirae Dericut,$1486.25,PROJETOS,OPERADOR DE MAQUINAS
667-29-9242,Daffi Simkovich,$3344.38,PROJETOS,ASSISTENTE
742-87-6480,Dwight Larway,$2073.06,PROJETOS,ESTAGIARIO
128-75-2395,Ilaire Vasyuchov,$1481.55,PROJETOS,ANALISTA
897-33-0812,Robinet Paulou,$3859.78,PROJETOS,TECNICO
897-76-9925,Stevena McPhate,$2586.45,MARKETING,ANALISTA
193-36-0022,Dalton Beardall,$2207.45,PROJETOS,OPERADOR DE MAQUINAS
597-59-7152,Hamilton Metzel,$2187.37,FINANCEIRO,ANALISTA
529-23-9444,Michel Iveans,$1461.94,PROJETOS,ANALISTA
179-31-0048,Geneva Gillinghams,$2278.52,ESTOQUE,ANALISTA
201-15-9114,Briny Selwood,$2241.97,OPERACAO,ASSISTENTE
887-57-4920,Madelin McKeon,$1027.99,ESTOQUE,ASSISTENTE
420-84-3834,Dolley Shipp,$3699.59,ESTOQUE,TECNICO
537-90-0603,Gerianne Guenther,$1931.15,ESTOQUE,ESTAGIARIO
567-92-8144,Martita Kenney,$2909.90,OPERACAO,ANALISTA
774-66-3610,Rebbecca Cleator,$3359.68,ESTOQUE,OPERADOR DE MAQUINAS
877-81-8539,Reeba Sapir,$3187.36,FINANCEIRO,OPERADOR DE MAQUINAS
143-22-2960,Melisande Jansa,$2955.44,COMERCIAL,ANALISTA
433-36-6626,Otes Le Page,$2264.86,OPERACAO,TECNICO
167-22-9465,Norbert Tomkys,$3750.17,PROJETOS,ASSISTENTE
117-78-0593,Umeko Alabone,$1671.22,ESTOQUE,OPERADOR DE MAQUINAS
305-53-6497,Valle Cooke,$1266.91,MARKETING,OPERADOR DE MAQUINAS
258-02-2940,Sibilla Johansson,$2634.03,ESTOQUE,OPERADOR DE MAQUINAS
369-29-5124,Lola Tinniswood,$2100.75,OPERACAO,ANALISTA
161-63-7715,Sheridan Hinken,$2184.45,PROJETOS,ANALISTA
673-96-2546,Erie Arents,$2539.74,PROJETOS,OPERADOR DE MAQUINAS
327-42-6789,Giselle Troillet,$2078.46,ESTOQUE,TECNICO
339-15-1124,Rosabella Gumme,$1904.78,COMERCIAL,OPERADOR DE MAQUINAS
471-36-6559,Pascal Hauck,$1254.30,FINANCEIRO,ESTAGIARIO
527-27-2753,Joela Tuppeny,$1102.46,OPERACAO,OPERADOR DE MAQUINAS
553-08-2809,Issy Biddell,$1583.23,OPERACAO,ANALISTA
788-14-7244,Bird Bachmann,$3648.68,PROJETOS,ANALISTA
282-32-8478,Aldon Goldes,$3295.78,MARKETING,ANALISTA
669-75-3555,Dorotea Watton,$2128.16,ESTOQUE,ANALISTA
169-09-4021,Berni Kilius,$3162.79,COMERCIAL,ASSISTENTE
456-72-6404,Grantley Zupo,$2509.55,OPERACAO,TECNICO
713-75-1463,Grayce Jinkin,$1556.52,ESTOQUE,TECNICO
735-79-7592,Shellie Anney,$3730.81,MARKETING,TECNICO
202-64-8900,Ella Eliaz,$1199.04,FINANCEIRO,TECNICO
753-28-7087,Marybeth Denziloe,$2281.83,FINANCEIRO,OPERADOR DE MAQUINAS
636-39-4519,Keven Stace,$3171.50,MARKETING,ESTAGIARIO
471-33-6886,Alf Cassar,$3291.12,COMERCIAL,ASSISTENTE
417-75-2393,Germana Sharrocks,$3208.66,PROJETOS,TECNICO
747-07-5713,Kristin Durdan,$3454.49,MARKETING,ASSISTENTE
536-85-3643,Ruthann Stemp,$3686.76,ESTOQUE,TECNICO
628-13-2779,Leopold Bassett,$3902.10,ESTOQUE,OPERADOR DE MAQUINAS
374-53-9436,Raven Canwell,$3017.24,COMERCIAL,ANALISTA
200-44-8409,Patsy Cicullo,$3287.41,MARKETING,ASSISTENTE
748-63-2098,Melinda Raubenheim,$985.78,MARKETING,ESTAGIARIO
383-74-3641,Orelle Barrar,$2432.64,COMERCIAL,ANALISTA
505-85-6373,Alex Gilluley,$3141.83,OPERACAO,ESTAGIARIO
642-24-4420,Dona Jeynes,$3984.31,FINANCEIRO,TECNICO
255-96-7954,Hinze Fittis,$2385.76,OPERACAO,ASSISTENTE
446-90-2983,Udall Beushaw,$2211.82,ESTOQUE,TECNICO
464-36-3474,Andromache Haste,$2615.36,ESTOQUE,ASSISTENTE
898-55-6779,Jordan Dyer,$2464.29,ESTOQUE,TECNICO
770-73-0934,Deanna Hawker,$2905.41,OPERACAO,OPERADOR DE MAQUINAS
872-02-9943,Emmanuel Warburton,$1116.74,COMERCIAL,ASSISTENTE
513-10-7688,Yvonne Petrillo,$3625.67,OPERACAO,ANALISTA
306-99-8935,Nathalie Aizlewood,$3021.58,MARKETING,ASSISTENTE
246-79-0580,Shadow Edbrooke,$1441.97,ESTOQUE,ASSISTENTE
443-38-1840,Bartholomeo Zanicchi,$2527.55,COMERCIAL,OPERADOR DE MAQUINAS
197-02-6904,Joanna Burless,$2548.84,FINANCEIRO,ESTAGIARIO
657-56-2096,Lorenza Chichgar,$3837.92,COMERCIAL,ESTAGIARIO
672-83-0704,Naoma Keems,$1442.39,MARKETING,OPERADOR DE MAQUINAS
890-48-2625,Abba Benza,$3777.81,OPERACAO,ASSISTENTE
727-21-3278,Trevar Lougheed,$1781.81,ESTOQUE,ESTAGIARIO
467-48-1578,Beret Thunderchief,$1541.09,OPERACAO,ESTAGIARIO
753-40-6101,Mora Pietasch,$2849.69,PROJETOS,ASSISTENTE
194-15-4966,Pegeen Azam,$2602.63,ESTOQUE,TECNICO
623-57-9385,Chiquita McAloren,$1566.78,ESTOQUE,TECNICO
467-28-6636,Roseanne Le Lievre,$3962.91,FINANCEIRO,ASSISTENTE
496-21-0616,De Seson,$2112.37,OPERACAO,ASSISTENTE
444-60-4989,Abbie Naseby,$1255.65,ESTOQUE,ASSISTENTE
259-02-2729,Christy Gainsborough,$3828.27,OPERACAO,TECNICO
404-97-6021,Max Neild,$2861.27,OPERACAO,TECNICO
145-75-4606,Saunders Kacheler,$3363.43,ESTOQUE,ANALISTA
340-87-8575,Lesya Umbert,$1363.94,ESTOQUE,ANALISTA
845-74-0859,Wilhelm Kehir,$1301.60,PROJETOS,ANALISTA
584-06-6592,Stu Menhenitt,$1134.20,PROJETOS,OPERADOR DE MAQUINAS
697-13-5338,Ashleigh Ferryn,$2289.61,MARKETING,TECNICO
112-47-0876,Adel Packham,$3937.51,OPERACAO,OPERADOR DE MAQUINAS
391-94-9257,Mildred Grzesiewicz,$3476.36,PROJETOS,OPERADOR DE MAQUINAS
381-59-9581,Cos Iffland,$1804.27,COMERCIAL,ESTAGIARIO
102-57-1935,Arron Leyshon,$2928.86,COMERCIAL,ANALISTA
716-34-8579,Stacee Zannutti,$1709.97,COMERCIAL,TECNICO
256-82-3589,Tedra Densie,$2383.50,ESTOQUE,ANALISTA
553-41-2913,Elmer Bartolomeo,$1163.55,MARKETING,ASSISTENTE
135-45-9731,Bernadine Schleswig-Holstein,$3140.48,FINANCEIRO,OPERADOR DE MAQUINAS
296-41-0679,Donnajean Ogelbe,$1563.06,COMERCIAL,ANALISTA
608-80-1640,Lothario Curley,$3082.02,OPERACAO,OPERADOR DE MAQUINAS
325-65-0967,Eydie Purple,$3676.50,FINANCEIRO,ASSISTENTE
108-85-7576,Roxana Blayney,$2064.72,FINANCEIRO,ESTAGIARIO
880-93-2168,Thain Morde,$3762.17,OPERACAO,TECNICO
371-17-7743,Shelden Pancoust,$3246.00,FINANCEIRO,OPERADOR DE MAQUINAS
140-72-4114,Vyky Brecher,$2421.66,MARKETING,TECNICO
664-02-3867,Laina Cardall,$2017.53,ESTOQUE,TECNICO
472-24-6897,Glynis Kimmitt,$3465.19,ESTOQUE,ESTAGIARIO
696-05-3077,Naoma Forman,$2411.29,FINANCEIRO,TECNICO
518-21-2502,Aura Wolseley,$1542.96,OPERACAO,OPERADOR DE MAQUINAS
133-37-4986,Agnesse Geraud,$3740.42,COMERCIAL,ANALISTA
609-31-6938,Mackenzie Hulls,$3644.09,COMERCIAL,OPERADOR DE MAQUINAS
433-45-5445,Melamie Alesi,$3201.47,COMERCIAL,ANALISTA
833-91-0088,Pen Brennenstuhl,$1202.63,MARKETING,ASSISTENTE
446-78-1428,Kelila Sedwick,$2931.06,FINANCEIRO,TECNICO
505-85-8188,Kayne Gittose,$2081.35,FINANCEIRO,ANALISTA
753-62-7819,Schuyler Houdmont,$3420.14,MARKETING,ASSISTENTE
840-61-1689,Gerrie Iacovozzo,$3816.56,ESTOQUE,OPERADOR DE MAQUINAS
547-56-5694,Mimi Redman,$2617.49,COMERCIAL,ASSISTENTE
674-02-6304,Malcolm Abramovicz,$2657.47,ESTOQUE,ASSISTENTE
358-79-8200,Paloma Shelborne,$1258.08,OPERACAO,TECNICO
810-42-7723,Britney Lettley,$2756.24,ESTOQUE,ANALISTA
194-92-3291,Land Cowser,$3737.34,PROJETOS,OPERADOR DE MAQUINAS
496-68-5828,Mellisa Donwell,$2416.31,OPERACAO,ESTAGIARIO
363-53-1615,Francesca Rouzet,$3554.98,OPERACAO,OPERADOR DE MAQUINAS
527-83-3035,Jerrie Lotze,$3187.58,COMERCIAL,TECNICO
818-04-5725,Roobbie Vickar,$1380.13,ESTOQUE,OPERADOR DE MAQUINAS
590-42-2875,Fernande Chaplain,$2904.21,OPERACAO,TECNICO
205-61-8274,Wallis Toolin,$1761.11,ESTOQUE,ESTAGIARIO
462-32-0986,Thomasa Denton,$2837.40,ESTOQUE,ASSISTENTE
566-26-4913,Fernanda Trenam,$3580.11,ESTOQUE,ANALISTA
789-97-0889,Inglebert Jacox,$2799.79,OPERACAO,ESTAGIARIO
774-69-2507,Stefano Knight,$3211.96,MARKETING,ASSISTENTE
679-59-5948,Nev Pibworth,$1065.15,PROJETOS,TECNICO
292-76-1691,Luella Growden,$3014.18,FINANCEIRO,ASSISTENTE
604-52-4681,Margy Oakwell,$3732.67,FINANCEIRO,TECNICO
174-40-8041,Ferdie Crowcombe,$2215.96,PROJETOS,TECNICO
289-15-5935,Conney Pfertner,$3969.59,ESTOQUE,ANALISTA
779-07-3063,Thorndike Feedham,$1897.08,FINANCEIRO,OPERADOR DE MAQUINAS
302-76-6301,Nora Jedrzejewicz,$2740.69,PROJETOS,ESTAGIARIO
554-33-3318,Hazlett Trays,$2169.05,FINANCEIRO,ESTAGIARIO
175-90-1036,Louisette Burnsall,$3734.38,ESTOQUE,ASSISTENTE
792-03-2216,Lynelle Woolner,$3400.12,ESTOQUE,TECNICO
207-55-6873,Cassandra MacTeague,$1309.39,FINANCEIRO,ASSISTENTE
167-24-9759,Marijo Basten,$2452.82,ESTOQUE,ASSISTENTE
145-89-3125,Belva Dutteridge,$1753.21,OPERACAO,OPERADOR DE MAQUINAS
393-92-1246,Pavia Losel,$2527.88,FINANCEIRO,ESTAGIARIO
260-27-0068,Diahann Bendare,$3497.67,FINANCEIRO,ANALISTA
643-25-2462,Sharity Perkins,$2765.00,MARKETING,ASSISTENTE
584-50-4220,Kerwin Pearmain,$3603.84,OPERACAO,ASSISTENTE
466-38-8854,Michele Stairmand,$1569.65,ESTOQUE,TECNICO
811-49-3962,Melissa Borit,$2418.97,COMERCIAL,ANALISTA
492-61-1309,Marne Duckerin,$2255.81,FINANCEIRO,ASSISTENTE
426-36-1202,Suzette Kirman,$3592.38,OPERACAO,ESTAGIARIO
754-34-3533,Marthena de Cullip,$3098.34,PROJETOS,TECNICO
870-75-2651,Griffie Wadhams,$2349.98,ESTOQUE,TECNICO
126-09-3633,Nessy Denmead,$2711.37,ESTOQUE,ANALISTA
429-79-9697,Maura Wahner,$1599.13,OPERACAO,ASSISTENTE
432-23-3072,Isiahi Burkert,$3478.98,PROJETOS,ESTAGIARIO
717-91-1901,Suzanne Dearnley,$2709.17,MARKETING,ANALISTA
117-04-5114,Josy Jarrad,$2843.14,FINANCEIRO,ASSISTENTE
661-60-1940,Iver Urey,$1384.59,PROJETOS,ANALISTA
160-83-2392,Bibi Muskett,$2707.45,MARKETING,ASSISTENTE
891-97-9732,Renell Rumsby,$1474.33,MARKETING,ANALISTA
656-34-0832,Corri Rosterne,$3706.61,OPERACAO,ASSISTENTE
600-70-3265,Rayshell Marland,$2157.33,MARKETING,ESTAGIARIO
892-24-8812,Tina Sidaway,$3797.40,COMERCIAL,TECNICO
233-60-5673,Dylan Towers,$1547.76,PROJETOS,ANALISTA
559-37-7428,Darsey Brooke,$2151.98,PROJETOS,TECNICO
354-59-0370,Rois Feacham,$2205.95,FINANCEIRO,OPERADOR DE MAQUINAS
662-25-4146,Gusella Garthland,$2482.40,COMERCIAL,ASSISTENTE
202-05-3929,Caro Ireland,$2425.93,COMERCIAL,TECNICO
516-53-4903,Bailey Issacof,$3138.11,MARKETING,ASSISTENTE
287-59-9251,Dolorita Ebbings,$1851.85,COMERCIAL,ESTAGIARIO
757-23-2702,Anissa Pratten,$1171.58,OPERACAO,OPERADOR DE MAQUINAS
679-43-0928,Renard Wolfindale,$1963.11,FINANCEIRO,ESTAGIARIO
826-42-2106,Harlie O'Dreain,$3150.02,OPERACAO,OPERADOR DE MAQUINAS
126-86-7908,Ofella Skippen,$2230.97,ESTOQUE,ANALISTA
101-95-7938,Marius Giddons,$3930.77,PROJETOS,TECNICO
527-94-4075,Dolph McGuirk,$1679.66,PROJETOS,ESTAGIARIO
363-01-8550,Maia Westnage,$2625.04,ESTOQUE,ASSISTENTE
321-20-6385,Henry Veregan,$2328.09,ESTOQUE,ESTAGIARIO
841-63-4684,Immanuel Trevenu,$2136.28,FINANCEIRO,ESTAGIARIO
840-55-0582,Vance Bickers,$1567.99,MARKETING,ANALISTA
573-13-3439,Zolly Whorlton,$1153.63,MARKETING,ASSISTENTE
707-63-9503,Ogden Jencey,$1733.51,COMERCIAL,ESTAGIARIO
515-98-8033,Karlis Coppock.,$3413.10,PROJETOS,ESTAGIARIO
733-72-8009,Cami Algate,$2500.54,MARKETING,OPERADOR DE MAQUINAS
259-90-3359,Loria Kindleysides,$2088.77,FINANCEIRO,ESTAGIARIO
757-13-6401,Joceline Fenners,$3918.24,COMERCIAL,OPERADOR DE MAQUINAS
820-41-6862,Tatiana Robertelli,$1453.05,PROJETOS,ESTAGIARIO
153-71-6208,Basil Slingsby,$1184.73,MARKETING,ESTAGIARIO
411-37-2280,Natividad Scroxton,$3596.45,OPERACAO,TECNICO
761-24-1105,Rodney Brundall,$2968.22,FINANCEIRO,ESTAGIARIO
199-42-3979,Marrilee Attwoull,$1676.20,FINANCEIRO,TECNICO
282-73-4736,Flossi Kruszelnicki,$2881.48,ESTOQUE,ESTAGIARIO
162-17-7273,Harbert Lomasney,$3556.99,MARKETING,ASSISTENTE
252-38-2476,Fernanda Leggate,$3159.45,ESTOQUE,TECNICO
244-05-5865,Osborn Clark,$1037.34,COMERCIAL,TECNICO
481-15-1043,Bianca Mateja,$3496.19,FINANCEIRO,ANALISTA
732-26-2493,Nels Vowdon,$3103.09,OPERACAO,ESTAGIARIO
674-07-3052,Sherman Wylam,$2904.52,PROJETOS,ASSISTENTE
291-15-8105,Birdie Timby,$1503.77,PROJETOS,OPERADOR DE MAQUINAS
371-59-7387,Germaine Maestrini,$1400.10,ESTOQUE,ESTAGIARIO
154-95-2149,Claribel Carreyette,$1136.13,COMERCIAL,ESTAGIARIO
636-19-4307,Augustine Wintour,$1989.11,ESTOQUE,TECNICO
633-87-0650,Iain Renol,$2074.67,OPERACAO,ASSISTENTE
384-15-0688,August Gruby,$1793.04,COMERCIAL,ANALISTA
434-01-6953,Cyrill Livings,$1532.63,FINANCEIRO,ASSISTENTE
432-33-0547,Helenelizabeth Cutler,$1179.91,FINANCEIRO,OPERADOR DE MAQUINAS
363-16-2374,Wait Hazelden,$3748.37,OPERACAO,TECNICO
568-18-8144,Jeniffer Smerdon,$1202.09,FINANCEIRO,ASSISTENTE
854-38-1998,Emmaline Colles,$2581.60,ESTOQUE,ANALISTA
388-73-9788,Bayard Phillins,$3845.50,OPERACAO,ESTAGIARIO
605-47-5981,De witt Parlott,$3752.71,ESTOQUE,ESTAGIARIO
572-07-5405,Glenn Swaysland,$3385.77,PROJETOS,ANALISTA
183-66-6712,Bealle Casella,$1654.63,COMERCIAL,ANALISTA
365-17-3151,Ellary Bosward,$3034.98,FINANCEIRO,ASSISTENTE
351-16-7312,Gamaliel Hanham,$2822.53,OPERACAO,TECNICO
803-50-9531,Agatha Liddiatt,$1419.57,COMERCIAL,ANALISTA
763-13-6983,Carrol Falck,$1930.74,ESTOQUE,ESTAGIARIO
426-73-6303,Conan Scholling,$3964.26,ESTOQUE,OPERADOR DE MAQUINAS
899-49-1408,Rosette McVeagh,$2764.18,COMERCIAL,TECNICO
823-38-6986,Suzann Landy,$2905.28,OPERACAO,TECNICO
157-94-1030,Hannah Tebbett,$3142.21,MARKETING,TECNICO
404-80-5196,Kurt Slany,$3844.10,FINANCEIRO,ESTAGIARIO
212-68-6475,Merlina Sackler,$2401.52,OPERACAO,ESTAGIARIO
117-81-9825,Arvie Kilrow,$2624.83,ESTOQUE,ANALISTA
393-72-7854,Sax Amaya,$3596.75,COMERCIAL,OPERADOR DE MAQUINAS
256-18-7563,Berty Bengall,$1975.90,ESTOQUE,ESTAGIARIO
237-41-0668,Shea Kenner,$1619.80,MARKETING,ASSISTENTE
526-76-2858,Otto Tullett,$3205.26,ESTOQUE,ASSISTENTE
610-50-6765,Devondra Cleminson,$2686.30,FINANCEIRO,ANALISTA
722-63-7443,Ephraim Skrine,$2594.91,OPERACAO,ESTAGIARIO
421-26-3594,Kain Jindrak,$2860.51,COMERCIAL,OPERADOR DE MAQUINAS
835-34-9396,Cicely Kareman,$3722.81,PROJETOS,ASSISTENTE
267-96-0615,Nancee Bamell,$1725.57,FINANCEIRO,ESTAGIARIO
893-90-7356,Debbie Calken,$2795.44,FINANCEIRO,TECNICO
371-42-6651,Thor Poll,$1797.39,ESTOQUE,ANALISTA
523-82-9601,Myca Miere,$1250.61,FINANCEIRO,ANALISTA
381-59-7112,Cynthia Hover,$1169.07,ESTOQUE,ESTAGIARIO
364-94-2145,Harlene Smitheram,$2882.76,PROJETOS,ASSISTENTE
288-29-8548,Gerri Walasik,$3354.78,PROJETOS,ASSISTENTE
345-64-8385,Otha Parmeter,$1539.51,MARKETING,ANALISTA
305-61-9735,Farrel Pottle,$1888.15,OPERACAO,ESTAGIARIO
211-69-1800,Margo Lawry,$3874.19,PROJETOS,OPERADOR DE MAQUINAS
532-40-9002,Babs Dummett,$1377.66,OPERACAO,OPERADOR DE MAQUINAS
453-95-7510,Bianca Haskett,$3411.61,COMERCIAL,ANALISTA
559-03-5261,Randal Weeke,$3603.89,OPERACAO,ANALISTA
742-94-2959,Whitaker Howbrook,$3529.26,ESTOQUE,TECNICO
641-40-1079,Pierson Stodd,$3454.61,PROJETOS,OPERADOR DE MAQUINAS
128-24-2669,Rhodie Spatarul,$2694.96,FINANCEIRO,ESTAGIARIO
594-29-2861,Clayborn Brownjohn,$1507.39,COMERCIAL,ANALISTA
237-58-5671,Viviyan Oldfield,$1423.72,PROJETOS,TECNICO
344-25-4220,Michel Dufer,$1071.92,COMERCIAL,ASSISTENTE
576-18-3319,Antoine Iskov,$2548.84,COMERCIAL,TECNICO
357-21-7954,Gardiner Flann,$1691.87,MARKETING,OPERADOR DE MAQUINAS
528-13-3114,Jules Savill,$2848.11,PROJETOS,OPERADOR DE MAQUINAS
662-10-3942,Felecia McDougald,$1874.81,OPERACAO,TECNICO
821-58-0933,Neron Lytle,$3150.18,FINANCEIRO,TECNICO
716-05-2014,Lenci Mackiewicz,$3908.71,ESTOQUE,TECNICO
871-56-8841,Rolph Slidders,$2425.59,PROJETOS,ASSISTENTE
192-57-4596,Olwen Kliemann,$3739.68,ESTOQUE,TECNICO
620-27-2451,Gwyn Haney`,$3617.63,MARKETING,ANALISTA
317-15-0557,Jordanna Mollen,$3015.28,OPERACAO,TECNICO
159-28-6464,Joceline Wedderburn,$1142.01,FINANCEIRO,TECNICO
178-28-6436,Deena Aldren,$1492.36,MARKETING,ANALISTA
415-67-1207,Wilden Ausher,$2089.48,MARKETING,TECNICO
310-59-8104,Lil Clynmans,$1180.42,FINANCEIRO,OPERADOR DE MAQUINAS
107-41-8465,Nita McSwan,$1425.22,MARKETING,TECNICO
324-82-1830,Ruy Churchley,$3678.33,OPERACAO,OPERADOR DE MAQUINAS
585-22-8111,Avictor Bruton,$2693.97,ESTOQUE,ASSISTENTE
540-09-4689,Bettina Kropach,$3572.36,ESTOQUE,ASSISTENTE
726-47-6172,Tadio Cess,$1528.27,MARKETING,TECNICO
874-73-0095,Frederick Weston,$1055.80,MARKETING,ESTAGIARIO
835-50-0457,Papagena Rocks,$2002.38,ESTOQUE,ANALISTA
317-28-3295,Dalli Raimbauld,$2451.59,MARKETING,ESTAGIARIO
477-43-5579,Sharline Spadoni,$3205.25,ESTOQUE,ANALISTA
298-14-8741,Anatola Crowhurst,$1152.43,ESTOQUE,ANALISTA
102-02-2179,Ki Sayburn,$3490.08,MARKETING,TECNICO
613-97-3028,Vern Gudgen,$2959.35,OPERACAO,ASSISTENTE
295-04-4708,Ruthann Sprowle,$1379.22,FINANCEIRO,OPERADOR DE MAQUINAS
610-84-8800,Ingmar Anglin,$1290.89,OPERACAO,TECNICO
368-02-0115,Skipp Hearnah,$2824.55,ESTOQUE,ESTAGIARIO
653-37-7033,Camila Kippins,$2225.66,FINANCEIRO,OPERADOR DE MAQUINAS
866-43-6106,Jessalin Bywater,$3464.54,PROJETOS,OPERADOR DE MAQUINAS
783-93-7501,Katusha Muggeridge,$2414.86,FINANCEIRO,ESTAGIARIO
116-76-7801,Kathy Petri,$2214.79,ESTOQUE,ESTAGIARIO
257-01-4913,Byrle Moff,$3253.07,FINANCEIRO,ASSISTENTE
567-17-0874,Lisetta Gaitung,$2847.86,PROJETOS,ESTAGIARIO
144-83-5936,Lynnet Vooght,$2352.68,MARKETING,ASSISTENTE
171-82-0700,Gabriello Giannazzo,$3877.16,COMERCIAL,OPERADOR DE MAQUINAS
768-11-9617,Reilly Mylchreest,$3601.90,PROJETOS,ESTAGIARIO
651-10-7145,Lucy Dory,$1098.08,PROJETOS,ESTAGIARIO
571-24-8892,Rebeka Eathorne,$1840.38,COMERCIAL,ESTAGIARIO
123-19-5901,Lucien Bodker,$2815.17,ESTOQUE,ANALISTA
497-33-8131,Julia Sheircliffe,$1761.15,PROJETOS,ASSISTENTE
674-39-8223,Brennan Jacmar,$2344.64,PROJETOS,ASSISTENTE
605-69-7341,Carlina Patrono,$993.05,PROJETOS,ASSISTENTE
207-60-6390,Tiphany Murrells,$2453.96,FINANCEIRO,ANALISTA
353-05-9405,Harlan Aloigi,$2824.52,COMERCIAL,OPERADOR DE MAQUINAS
423-91-9687,Pattin Bursnall,$1004.17,COMERCIAL,ANALISTA
605-44-4662,Early Arnoult,$2076.46,ESTOQUE,ANALISTA
359-70-7341,Aryn Boothebie,$1221.75,OPERACAO,ESTAGIARIO
738-55-1873,Bob Beckles,$2830.25,FINANCEIRO,TECNICO
687-10-2311,Marjie Hazard,$3728.40,ESTOQUE,OPERADOR DE MAQUINAS
172-57-7482,Mellisa Peggram,$1850.70,ESTOQUE,ESTAGIARIO
448-50-2873,Meara Bagster,$3221.36,ESTOQUE,ESTAGIARIO
159-85-6375,Trula Oby,$3181.93,COMERCIAL,OPERADOR DE MAQUINAS
465-83-2601,Anett Iiannone,$2947.82,COMERCIAL,OPERADOR DE MAQUINAS
694-90-3387,Sly Twinbrow,$2117.65,OPERACAO,TECNICO
867-52-3431,Rik Melhuish,$3268.69,COMERCIAL,ANALISTA
237-62-3112,Ibbie Schade,$3475.05,MARKETING,TECNICO
748-72-4473,Artur McGoogan,$1591.91,PROJETOS,ESTAGIARIO
865-15-2424,Perry Paniman,$2199.95,ESTOQUE,OPERADOR DE MAQUINAS
590-98-2829,Livvie Fray,$1378.43,COMERCIAL,OPERADOR DE MAQUINAS
563-16-3560,Miltie Everall,$1596.79,FINANCEIRO,TECNICO
676-81-1692,Devonna Dransfield,$1364.41,MARKETING,ASSISTENTE
617-86-5212,Horton Morot,$2402.32,ESTOQUE,ANALISTA
536-32-1368,Sigismondo Shoubridge,$1410.65,PROJETOS,ASSISTENTE
696-06-9869,Ad Brisco,$2205.63,ESTOQUE,OPERADOR DE MAQUINAS
811-33-0956,Guy Border,$3300.85,FINANCEIRO,TECNICO
313-90-8237,Isidora Bell,$3415.75,FINANCEIRO,ESTAGIARIO
731-92-2087,Moritz Nortunen,$2733.53,FINANCEIRO,TECNICO
247-16-0132,Lydon Brammar,$1655.20,FINANCEIRO,OPERADOR DE MAQUINAS
866-84-3708,Corbett Bernadon,$3915.43,MARKETING,TECNICO
675-89-3964,Jordanna Lewtey,$3150.43,PROJETOS,ESTAGIARIO
202-85-8330,Pearla Konke,$2192.12,COMERCIAL,OPERADOR DE MAQUINAS
107-78-9215,Pietrek Vedeniktov,$1149.16,MARKETING,TECNICO
332-15-1930,Jeffie Brockhouse,$1866.16,COMERCIAL,OPERADOR DE MAQUINAS
545-10-2221,Leanor Arundell,$3613.56,OPERACAO,ESTAGIARIO
599-11-0266,Efren Mirams,$3802.90,ESTOQUE,TECNICO
409-20-0136,Kirsti Vellden,$2710.60,PROJETOS,OPERADOR DE MAQUINAS
864-43-5702,Roobbie McKinn,$1768.96,ESTOQUE,TECNICO
774-16-1821,Golda Currington,$2469.48,ESTOQUE,ASSISTENTE
161-89-8907,Marinna Jouen,$3763.77,FINANCEIRO,TECNICO
137-20-9099,Salomi Dominico,$3426.07,MARKETING,ESTAGIARIO
148-24-3394,Bonnee Comini,$3708.84,ESTOQUE,ESTAGIARIO
314-87-3507,Tracy Strond,$1797.11,PROJETOS,ANALISTA
552-52-4165,Harper Empson,$3758.50,OPERACAO,OPERADOR DE MAQUINAS
899-12-3086,Elyssa Bye,$3169.81,OPERACAO,ESTAGIARIO
587-59-4807,Renate Siggin,$3799.38,COMERCIAL,TECNICO
795-84-8097,Anni Shimwell,$3440.75,MARKETING,ANALISTA
838-22-7909,Letisha Conneau,$2617.99,MARKETING,OPERADOR DE MAQUINAS
748-32-7578,Georgeta Larose,$3672.17,ESTOQUE,ANALISTA
662-05-2789,Doretta Chamberlain,$3458.88,COMERCIAL,ANALISTA
770-66-7624,Craggy Bragge,$1877.04,COMERCIAL,TECNICO
622-52-2763,Anton Yeskin,$2570.92,ESTOQUE,ANALISTA
451-77-1690,Horace Broadist,$2660.45,FINANCEIRO,ASSISTENTE
881-75-5657,Eben Girton,$1175.96,PROJETOS,TECNICO
391-71-2437,Cyndi Rowth,$1108.91,OPERACAO,ASSISTENTE
386-63-3477,Karen Sentinella,$1113.09,PROJETOS,TECNICO
440-46-4138,Kaile Martinetto,$2492.71,COMERCIAL,ANALISTA
184-97-5951,Sandi Eastridge,$1642.13,COMERCIAL,ASSISTENTE
507-34-8170,Cairistiona Szymanek,$2015.64,MARKETING,ASSISTENTE
146-73-0357,Lonni McIlriach,$3331.56,COMERCIAL,TECNICO
180-41-6621,Nichole Dahlback,$1867.06,ESTOQUE,ESTAGIARIO
570-60-4703,Karlens Dent,$1143.50,FINANCEIRO,OPERADOR DE MAQUINAS
779-87-4474,Harald Treppas,$2806.70,FINANCEIRO,TECNICO
391-66-2974,Jacklin Alexandre,$2463.53,COMERCIAL,ASSISTENTE
483-77-1656,Tonya Tsarovic,$3125.42,OPERACAO,OPERADOR DE MAQUINAS
158-84-9840,Vladimir Sancias,$3652.21,PROJETOS,OPERADOR DE MAQUINAS
108-62-4718,Scott Bus,$3908.99,FINANCEIRO,TECNICO
214-68-1082,Devan Moreinis,$2744.36,OPERACAO,TECNICO
867-86-7896,Lacy Heinicke,$3180.93,PROJETOS,ANALISTA
439-44-5431,Ailbert McCurley,$3447.26,OPERACAO,ESTAGIARIO
256-87-4330,Merell Sprott,$2298.58,FINANCEIRO,ASSISTENTE
557-18-6219,Alexandro Motton,$1646.32,OPERACAO,ESTAGIARIO
316-82-4807,Valeria Wellman,$2348.94,MARKETING,ASSISTENTE
513-32-2240,Eugine Beneze,$2989.39,ESTOQUE,TECNICO
806-68-7766,Hermione Riddick,$1631.49,COMERCIAL,TECNICO
497-24-2625,Kaylyn Bewshea,$2467.75,PROJETOS,ANALISTA
225-71-2628,Idette Peron,$2108.39,PROJETOS,ESTAGIARIO
292-70-1100,Baillie Gaveltone,$3194.66,COMERCIAL,ASSISTENTE
295-17-6863,Calhoun Whiterod,$1863.01,ESTOQUE,ANALISTA
860-85-1034,Parsifal Dawton,$3931.56,PROJETOS,TECNICO
852-39-0591,Taffy Cortese,$3372.78,ESTOQUE,TECNICO
806-68-3441,Nalani Haily,$1358.18,FINANCEIRO,ASSISTENTE
559-41-0264,Antoinette Easter,$1641.79,COMERCIAL,TECNICO
412-11-8718,Prudi Verrier,$3433.21,FINANCEIRO,ASSISTENTE
796-36-6986,Harmonia Barti,$3120.67,COMERCIAL,ASSISTENTE
779-86-2573,Sapphire Ciciari,$2253.36,PROJETOS,ANALISTA
335-72-5319,Daisi Bushill,$2390.13,OPERACAO,OPERADOR DE MAQUINAS
597-47-8359,Weider Jouandet,$2560.85,COMERCIAL,ESTAGIARIO
280-92-9259,Missy Brookfield,$2839.41,PROJETOS,ESTAGIARIO
808-05-0483,Ki Featherstonehaugh,$3531.07,OPERACAO,TECNICO
768-65-9014,Dorolice Teenan,$3235.88,OPERACAO,OPERADOR DE MAQUINAS
358-24-9913,Alexa Rigate,$2265.87,FINANCEIRO,ASSISTENTE
514-93-2052,Quentin Lagden,$1514.65,ESTOQUE,ASSISTENTE
378-66-3476,Thaddeus McDonnell,$3830.11,OPERACAO,ASSISTENTE
454-39-4032,Jemima McDill,$2902.82,ESTOQUE,OPERADOR DE MAQUINAS
112-05-3489,Lyndsay McCallam,$1712.37,ESTOQUE,OPERADOR DE MAQUINAS
260-26-9375,Zaneta Dollard,$3031.04,FINANCEIRO,ESTAGIARIO
498-87-0590,Hanni MacSwayde,$1984.01,FINANCEIRO,TECNICO
827-46-5102,Harlene Custard,$1474.71,OPERACAO,OPERADOR DE MAQUINAS
468-67-0884,Ofelia Cawston,$3649.35,COMERCIAL,ESTAGIARIO
668-61-1628,Shay Vowels,$3569.40,COMERCIAL,OPERADOR DE MAQUINAS
414-57-9672,Annabell Emmens,$1954.84,OPERACAO,ASSISTENTE
240-67-8901,Wheeler Zylberdik,$1898.73,MARKETING,ASSISTENTE
199-96-0383,Rutter Bugdall,$2040.79,ESTOQUE,TECNICO
709-43-0051,Pavel Simkiss,$3264.50,FINANCEIRO,OPERADOR DE MAQUINAS
680-88-9008,Alex Denisot,$3855.72,COMERCIAL,ANALISTA
718-50-5570,Thea Stopford,$1115.43,OPERACAO,ANALISTA
324-99-4706,Claribel Storch,$1690.52,PROJETOS,TECNICO
726-04-3175,Maible Rechert,$1324.73,MARKETING,ESTAGIARIO
317-66-4243,Clemens Natt,$2869.25,MARKETING,ESTAGIARIO
191-32-6320,De witt Bulger,$3410.56,ESTOQUE,ASSISTENTE
126-41-5795,Georgi Fice,$3424.68,MARKETING,ASSISTENTE
726-78-4756,Simona Goodlud,$1437.56,FINANCEIRO,ASSISTENTE
144-97-7572,Bobby Frosch,$2204.07,FINANCEIRO,ASSISTENTE
146-99-7441,Bernete Leveritt,$1673.87,ESTOQUE,OPERADOR DE MAQUINAS
645-99-5741,Kaylil Barlace,$1019.03,OPERACAO,TECNICO
432-97-6342,Carine Trippett,$3149.21,PROJETOS,OPERADOR DE MAQUINAS
383-73-5599,Juliann Le Teve,$2256.50,FINANCEIRO,ASSISTENTE
761-84-2313,Alfy O'Codihie,$2175.29,OPERACAO,OPERADOR DE MAQUINAS
432-80-3536,Alexis Antognelli,$3566.62,ESTOQUE,ASSISTENTE
156-23-7725,Ingmar MacDaid,$1637.83,FINANCEIRO,ESTAGIARIO
682-46-0514,Wolfie Dabner,$1883.61,FINANCEIRO,ESTAGIARIO
603-57-4525,Burg Donke,$1596.93,PROJETOS,TECNICO
868-03-0283,Winonah Eglington,$2643.13,PROJETOS,OPERADOR DE MAQUINAS
471-52-2928,Terrie McFadzean,$1408.84,PROJETOS,ASSISTENTE
227-57-0132,Joletta Terbruggen,$1091.60,PROJETOS,OPERADOR DE MAQUINAS
395-46-2690,Cynthie Witherdon,$2799.69,FINANCEIRO,OPERADOR DE MAQUINAS
746-10-9657,Linn Ould,$2591.65,OPERACAO,OPERADOR DE MAQUINAS
496-78-7684,Buckie Giacomazzo,$3504.44,ESTOQUE,ESTAGIARIO
887-75-4762,April Shufflebotham,$1836.56,ESTOQUE,OPERADOR DE MAQUINAS
264-64-1920,Darrick Peto,$2984.11,OPERACAO,ASSISTENTE
483-30-5295,Ashely Junkison,$3363.25,OPERACAO,TECNICO
138-56-0291,Sybyl Scully,$3737.34,ESTOQUE,OPERADOR DE MAQUINAS
886-14-0019,Nicolette Boole,$1670.47,ESTOQUE,ASSISTENTE
828-60-3763,Alexis Speachley,$2278.31,PROJETOS,ESTAGIARIO
272-61-8212,Cointon Garvin,$1493.63,MARKETING,ANALISTA
513-59-2550,Urson Clotworthy,$2684.54,PROJETOS,ANALISTA
883-80-8746,Elga Shurlock,$2082.20,COMERCIAL,OPERADOR DE MAQUINAS
889-51-0162,Odette Turpey,$2511.04,MARKETING,ASSISTENTE
638-61-1203,Vida Rojel,$1653.18,MARKETING,ANALISTA
709-23-1391,Lyn Clilverd,$3899.11,MARKETING,ASSISTENTE
612-65-4742,Bevon Mereweather,$2425.16,MARKETING,TECNICO
649-18-7416,Ichabod Fright,$2409.97,COMERCIAL,TECNICO
218-83-6181,Layney Searston,$1505.58,ESTOQUE,ASSISTENTE
506-52-8513,Myriam Dubery,$1080.93,MARKETING,ASSISTENTE
559-52-1206,Quinn Weatherell,$1532.32,OPERACAO,TECNICO
604-41-1560,Misty Freeth,$3087.76,COMERCIAL,ASSISTENTE
369-76-3042,Aron Vowell,$1557.62,COMERCIAL,ASSISTENTE
701-77-0195,Chase Bosson,$3555.34,MARKETING,OPERADOR DE MAQUINAS
587-89-6250,Valentijn Pavlata,$2890.01,ESTOQUE,TECNICO
796-63-7660,Madlen Robbert,$3717.62,ESTOQUE,TECNICO
832-67-6003,Rozanna Agg,$3852.32,PROJETOS,OPERADOR DE MAQUINAS
544-61-1727,Cleon Dunguy,$3375.09,OPERACAO,OPERADOR DE MAQUINAS
165-89-8909,Dasya Fenge,$1109.93,ESTOQUE,TECNICO
824-14-7189,Dyana Basini-Gazzi,$1590.59,MARKETING,ASSISTENTE
894-86-1916,Milo Waind,$3913.66,COMERCIAL,ESTAGIARIO
801-59-2584,Isidora Beine,$2199.74,MARKETING,OPERADOR DE MAQUINAS
215-94-5118,Berkie Disman,$2380.01,MARKETING,OPERADOR DE MAQUINAS
760-08-7533,Sydel Jansema,$2210.43,PROJETOS,ANALISTA
586-53-0126,Gabi Kelso,$985.98,PROJETOS,ANALISTA
750-98-7565,Karna Shailer,$2307.65,FINANCEIRO,OPERADOR DE MAQUINAS
566-99-3655,Lacy Habbershon,$1980.27,COMERCIAL,ESTAGIARIO
826-30-9192,Teena Malby,$3780.25,ESTOQUE,ESTAGIARIO
452-64-4891,Peta Beresford,$3370.04,COMERCIAL,ANALISTA
446-36-7924,Dale Lowen,$1572.96,MARKETING,ESTAGIARIO
213-35-0387,Romy Cominello,$3286.66,OPERACAO,TECNICO
569-47-3432,Husein Luquet,$1714.40,COMERCIAL,ASSISTENTE
372-87-2698,Dieter Allder,$2446.23,OPERACAO,ESTAGIARIO
892-54-4614,Wyatt Wyer,$2930.32,PROJETOS,ESTAGIARIO
777-91-9288,Fernando Hatton,$1800.76,FINANCEIRO,TECNICO
258-74-5542,Euphemia Downes,$1236.85,OPERACAO,ESTAGIARIO
155-45-0582,Jeffy Mapstone,$1281.68,PROJETOS,ESTAGIARIO
417-47-3104,Barron Crichley,$1204.39,FINANCEIRO,OPERADOR DE MAQUINAS
149-19-2873,Ilene Jellyman,$2811.95,ESTOQUE,ANALISTA
507-63-2794,Waiter Romagnosi,$1688.22,ESTOQUE,ESTAGIARIO
727-89-4785,Hyacinthie Twinn,$2213.17,OPERACAO,OPERADOR DE MAQUINAS
443-99-7491,Freddy Boarder,$1145.29,OPERACAO,TECNICO
247-13-7166,Moe Cuddehay,$2684.05,MARKETING,ESTAGIARIO
101-71-7081,Mord Girogetti,$1280.95,COMERCIAL,ASSISTENTE
295-43-5651,Cass Egdal,$2727.14,ESTOQUE,ANALISTA
846-44-6194,Kirstyn Scothorn,$3450.79,OPERACAO,ANALISTA
256-45-4111,Munroe Melrose,$2937.54,COMERCIAL,ESTAGIARIO
336-15-4298,Jefferson Wontner,$3146.43,MARKETING,ESTAGIARIO
396-33-7717,Zonda Capey,$1139.36,PROJETOS,ASSISTENTE
383-37-3645,Mirabelle Bevar,$3201.08,ESTOQUE,ASSISTENTE
140-68-9863,Orsola Fisby,$988.50,FINANCEIRO,OPERADOR DE MAQUINAS
706-47-7487,Robina Rubra,$3765.31,MARKETING,ANALISTA
180-63-4549,Sherye Meldon,$1213.08,COMERCIAL,ASSISTENTE
386-72-3174,Katrine Yandle,$2170.87,FINANCEIRO,ANALISTA
719-55-5411,Dre O'Lynn,$1038.74,PROJETOS,ESTAGIARIO
149-37-9025,Justinian Fordyce,$2428.43,OPERACAO,ESTAGIARIO
641-50-9041,Witty Baseggio,$2715.95,OPERACAO,TECNICO
300-97-4639,Tymothy Spincks,$1264.36,COMERCIAL,ANALISTA
280-19-1271,Brew Fechnie,$2686.15,ESTOQUE,ASSISTENTE
827-55-0814,Beryl Camerana,$1035.49,OPERACAO,OPERADOR DE MAQUINAS
480-95-8443,Mavis Petrillo,$3429.72,PROJETOS,ASSISTENTE
138-19-3140,Juanita Ludwikiewicz,$1250.37,MARKETING,ANALISTA
622-22-5519,Jilly Kenway,$3710.42,PROJETOS,ASSISTENTE
593-40-3589,Penelope Frye,$1750.41,FINANCEIRO,TECNICO
858-67-7726,Michale Lardge,$2178.00,FINANCEIRO,OPERADOR DE MAQUINAS
277-02-2264,Helyn Kyne,$1158.62,OPERACAO,ASSISTENTE
692-56-6238,Mariska Chrishop,$1636.64,COMERCIAL,ANALISTA
496-01-4208,Julian Shields,$3681.06,FINANCEIRO,ASSISTENTE
100-62-0844,Kingston Lindblad,$1351.85,ESTOQUE,ASSISTENTE
280-98-9223,Hollis Gutridge,$2361.14,OPERACAO,OPERADOR DE MAQUINAS
808-86-3578,Rhona Hincks,$3836.29,PROJETOS,ASSISTENTE
471-30-9264,Lilith Pattullo,$3483.06,OPERACAO,ASSISTENTE
849-97-3957,Cybil Benny,$3230.71,ESTOQUE,ASSISTENTE
690-65-9852,Leese Tichelaar,$2270.03,FINANCEIRO,TECNICO
240-01-7482,Shirl Emblem,$3747.82,OPERACAO,ESTAGIARIO
851-88-0599,Aldus Halpen,$3402.76,MARKETING,ASSISTENTE
855-31-9551,Pierette Pauwel,$1286.49,OPERACAO,ANALISTA
260-95-4549,Victoria Treasaden,$3995.30,OPERACAO,ASSISTENTE
561-65-9781,Archibaldo Quinell,$1427.69,OPERACAO,TECNICO
490-03-7802,Ailbert Kew,$1194.44,OPERACAO,ANALISTA
581-52-5939,Gretta Charsley,$3371.52,PROJETOS,ESTAGIARIO
843-25-6598,Callie Patise,$2819.10,COMERCIAL,TECNICO
648-53-1763,Scarface Seyfart,$3480.85,PROJETOS,ANALISTA
231-50-7253,Fons Winnett,$3286.22,OPERACAO,ESTAGIARIO
280-66-9006,Rustie Rowaszkiewicz,$3220.63,ESTOQUE,ASSISTENTE
468-07-4555,Cecil Scandrite,$1958.06,PROJETOS,ANALISTA
482-76-5169,Kristin Winsor,$1319.99,COMERCIAL,TECNICO
200-93-6036,Matty Rowbury,$1989.78,ESTOQUE,TECNICO
747-21-9295,Fonz Mushart,$2805.54,MARKETING,ANALISTA
611-31-1480,Juditha Treagust,$1462.42,ESTOQUE,TECNICO
111-64-3290,Margot Ducker,$3520.09,COMERCIAL,TECNICO
773-58-1826,Taber Downgate,$3682.25,PROJETOS,ASSISTENTE
694-53-9963,Kylen Franzewitch,$2237.15,FINANCEIRO,ASSISTENTE
255-85-2648,Ludvig Skip,$2568.10,MARKETING,ASSISTENTE
305-10-9153,Blane Pouton,$1937.85,COMERCIAL,ESTAGIARIO
246-32-5464,Urson Spikeings,$2449.63,COMERCIAL,ESTAGIARIO
313-34-3963,Ricki Koppelmann,$3362.17,ESTOQUE,ASSISTENTE
132-32-6470,Aldus Trees,$2304.28,COMERCIAL,OPERADOR DE MAQUINAS
621-85-9674,Hurlee Farley,$3790.55,FINANCEIRO,ANALISTA
321-87-4515,Sheila Denny,$1283.93,PROJETOS,OPERADOR DE MAQUINAS
286-47-5051,Rochelle Stango,$2310.13,COMERCIAL,ANALISTA
212-04-1148,Phillipp Reolfi,$3686.15,PROJETOS,OPERADOR DE MAQUINAS
742-15-8665,Leyla Whittington,$3633.52,COMERCIAL,TECNICO
318-84-3991,Aube Eassom,$2217.95,FINANCEIRO,ASSISTENTE
126-39-5481,Cull McCaghan,$1077.33,ESTOQUE,ASSISTENTE
588-30-4688,Brandyn Colchett,$3395.00,ESTOQUE,ANALISTA
713-29-4593,Tanny Hazlehurst,$3656.72,OPERACAO,ESTAGIARIO
318-28-2970,Bram Godlip,$2451.63,PROJETOS,ASSISTENTE
223-30-9476,Gerry Schuchmacher,$2984.88,FINANCEIRO,OPERADOR DE MAQUINAS
112-12-4307,Caria Loud,$2791.56,PROJETOS,OPERADOR DE MAQUINAS
860-32-8889,Flss O' Dornan,$2963.43,FINANCEIRO,ESTAGIARIO
570-12-4073,Frieda Blackborn,$2885.48,FINANCEIRO,ANALISTA
406-56-1834,Theobald Merill,$3889.92,OPERACAO,TECNICO
649-43-9467,Farrel Klassmann,$3357.09,OPERACAO,TECNICO
208-99-1950,Elisha Facchini,$1249.65,OPERACAO,ASSISTENTE
425-96-6500,Thatcher Brill,$2812.76,ESTOQUE,OPERADOR DE MAQUINAS
165-09-4537,Antonia Giorgeschi,$3296.31,COMERCIAL,OPERADOR DE MAQUINAS
770-70-6444,Hillard Gobell,$1666.73,PROJETOS,TECNICO
540-51-8071,Gwenneth Blaxlande,$1344.40,ESTOQUE,ANALISTA
356-40-0064,Nat Pedroli,$2409.26,ESTOQUE,OPERADOR DE MAQUINAS
608-80-3800,Frans Barraclough,$3924.50,MARKETING,ASSISTENTE
521-95-3641,Ertha Jeary,$3235.10,FINANCEIRO,TECNICO
581-85-9685,Mikey Birdseye,$2928.85,COMERCIAL,ESTAGIARIO
853-30-7526,Hart Lauxmann,$3820.06,FINANCEIRO,ASSISTENTE
384-88-7748,Phillie Cudd,$1594.94,ESTOQUE,ESTAGIARIO
394-80-9894,Phaedra Kellen,$3532.61,OPERACAO,ASSISTENTE
473-28-5048,Donal Corpe,$2626.67,OPERACAO,ANALISTA
226-47-2799,Nat Kearley,$3988.04,MARKETING,TECNICO
609-46-6489,Ellerey Coffelt,$1301.31,MARKETING,ANALISTA
452-62-1384,Gabby Ragsdall,$1398.35,COMERCIAL,TECNICO
209-67-8668,Blondell Whiteland,$1388.72,COMERCIAL,TECNICO
269-39-6143,Lorna Dedney,$3034.29,ESTOQUE,OPERADOR DE MAQUINAS
793-07-1645,Catherine Georger,$2635.27,ESTOQUE,ANALISTA
475-89-5508,Clementine Twinborough,$1912.31,MARKETING,ASSISTENTE
312-74-6487,Melisandra Woodison,$2722.70,COMERCIAL,ANALISTA
221-60-0645,Norry Krzyzowski,$3578.11,FINANCEIRO,ESTAGIARIO
340-18-2400,Ernest Learned,$2946.68,FINANCEIRO,ANALISTA
873-27-9210,Neel Kinnerk,$1896.38,OPERACAO,ESTAGIARIO
197-21-2735,Tedman Bowers,$3902.85,FINANCEIRO,OPERADOR DE MAQUINAS
531-93-4861,Guinna Aikman,$3261.15,ESTOQUE,ANALISTA
850-84-5918,Matthias Bunclark,$2284.26,PROJETOS,ANALISTA
130-34-8834,Merrile Dumingos,$2728.30,OPERACAO,ESTAGIARIO
310-81-1397,Kenyon Muckeen,$2453.05,OPERACAO,ESTAGIARIO
293-60-6268,Mureil Moores,$2870.72,COMERCIAL,OPERADOR DE MAQUINAS
861-39-5124,Valencia Omrod,$2287.01,ESTOQUE,ANALISTA
417-41-5386,Olag Sagar,$3715.55,FINANCEIRO,ESTAGIARIO
124-04-9813,Blayne Briddock,$3273.38,MARKETING,TECNICO
842-30-0117,Morie Garrit,$3218.63,COMERCIAL,ANALISTA
851-68-2102,Isabella McGarahan,$1591.36,FINANCEIRO,ANALISTA
311-06-5926,Hube Abbison,$2323.40,ESTOQUE,ASSISTENTE
856-23-3617,Blinni Stockin,$2021.14,FINANCEIRO,ASSISTENTE
842-04-0029,Lemmy Wonfar,$3425.43,ESTOQUE,ESTAGIARIO
747-13-8865,Ingram Sagerson,$2179.08,MARKETING,OPERADOR DE MAQUINAS
624-58-9347,Riley Stratton,$2828.87,MARKETING,ASSISTENTE
366-59-8950,Karel Lendon,$2110.82,FINANCEIRO,TECNICO
821-33-2646,Tommy Dowell,$2067.88,PROJETOS,OPERADOR DE MAQUINAS
389-34-1467,Petr Nesbit,$1457.01,MARKETING,OPERADOR DE MAQUINAS
150-39-6604,Colan Loft,$1464.98,OPERACAO,ASSISTENTE
482-21-5163,Gilligan Snelson,$2134.11,OPERACAO,OPERADOR DE MAQUINAS
109-31-0466,Shadow Diglin,$2355.58,COMERCIAL,ASSISTENTE
114-19-9866,Giraud Hechlin,$3962.27,FINANCEIRO,TECNICO
151-79-4527,Denney Proschke,$3705.10,PROJETOS,ANALISTA
890-68-7829,Muffin Belchem,$3666.09,FINANCEIRO,ANALISTA
774-42-1424,Bambie Ezzle,$1959.52,PROJETOS,TECNICO
843-79-3325,Lena Tamplin,$3742.56,ESTOQUE,TECNICO
807-38-4026,Marlena Wise,$2939.94,ESTOQUE,ASSISTENTE
155-37-1155,Elspeth Grono,$2859.52,MARKETING,OPERADOR DE MAQUINAS
206-57-0455,Harley Westpfel,$3323.15,OPERACAO,TECNICO
367-62-8005,Salvatore Cullinan,$2983.39,MARKETING,TECNICO
437-86-3509,Teodoor Caldecott,$2112.88,OPERACAO,OPERADOR DE MAQUINAS
214-24-6948,Alvinia Dominy,$3734.89,OPERACAO,ASSISTENTE
654-63-2610,Gusella Hackford,$2556.81,ESTOQUE,TECNICO
786-10-4061,Boonie Santorini,$3168.31,PROJETOS,OPERADOR DE MAQUINAS
488-02-6276,Leonardo Rudeyeard,$3652.43,MARKETING,ESTAGIARIO
295-22-5176,Cristian Volker,$3680.01,COMERCIAL,TECNICO
457-22-4282,Lisa Pietz,$2980.55,OPERACAO,TECNICO
502-85-0152,Alexis Ungaretti,$1174.16,ESTOQUE,ASSISTENTE
306-29-1701,Hoebart Malec,$3679.27,PROJETOS,ANALISTA
120-81-9039,Jacklin Villar,$3331.42,COMERCIAL,ASSISTENTE
769-05-0030,Emera Mosley,$1367.92,OPERACAO,OPERADOR DE MAQUINAS
459-52-4644,Estrellita Auguste,$1310.70,MARKETING,ESTAGIARIO
538-27-6285,Clair Aspell,$2044.53,FINANCEIRO,ASSISTENTE
695-95-2944,Florance Gerty,$2156.37,MARKETING,OPERADOR DE MAQUINAS
379-88-2105,Eduard Fairholme,$1176.44,MARKETING,ESTAGIARIO
102-59-4037,Norina Buckle,$3801.14,COMERCIAL,OPERADOR DE MAQUINAS
574-73-4748,Claire Hubert,$2606.01,FINANCEIRO,TECNICO
304-84-9547,Boone Butting,$3180.40,PROJETOS,OPERADOR DE MAQUINAS
473-42-0268,Dallon Nasey,$2210.60,COMERCIAL,TECNICO
758-91-0121,Charlean Nugent,$1936.71,ESTOQUE,OPERADOR DE MAQUINAS
190-49-6190,Darn Reschke,$3472.93,OPERACAO,ANALISTA
579-98-9108,Hyacinthe Pfeffer,$3719.15,COMERCIAL,ESTAGIARIO
896-73-8641,Katinka Primarolo,$2989.04,FINANCEIRO,ASSISTENTE
204-09-9027,Humberto Hymers,$3251.71,ESTOQUE,ANALISTA
409-60-6735,Erroll Wilkison,$3475.08,OPERACAO,ANALISTA
767-57-8851,Gerda Clericoates,$3054.28,MARKETING,ANALISTA
727-84-8837,Giuseppe Westphalen,$2929.81,COMERCIAL,OPERADOR DE MAQUINAS
246-54-1481,Grannie McElvogue,$3227.10,MARKETING,ASSISTENTE
176-53-0552,Elna Marie,$1012.85,FINANCEIRO,TECNICO
300-09-7886,Teddie Blackledge,$2937.43,OPERACAO,ANALISTA
270-21-3196,Cristin Lewins,$2261.26,PROJETOS,ANALISTA
800-11-0774,Torre Brasher,$2530.29,FINANCEIRO,TECNICO
631-38-9665,Petra Burges,$2080.50,OPERACAO,ESTAGIARIO
883-51-2723,Bailie Wiles,$2723.79,PROJETOS,OPERADOR DE MAQUINAS
672-61-5394,Avrit Barnett,$3311.86,OPERACAO,OPERADOR DE MAQUINAS
736-53-7154,Timmy Zotto,$1517.53,MARKETING,TECNICO
224-45-6873,Val Callan,$3529.73,ESTOQUE,ANALISTA
539-74-8184,Lynnell Bartolommeo,$1374.74,MARKETING,TECNICO
475-41-0415,Therese Simmonite,$2881.23,FINANCEIRO,ASSISTENTE
836-80-5384,Camilla Giddens,$1013.46,OPERACAO,ANALISTA
463-02-6938,Mada Ciementini,$2895.61,MARKETING,ANALISTA
164-41-1620,Hildegarde Frost,$3022.24,COMERCIAL,TECNICO
552-99-6536,Daisi Elijah,$1586.51,OPERACAO,ESTAGIARIO
740-29-8739,Gerladina Di Ruggiero,$1505.31,OPERACAO,OPERADOR DE MAQUINAS
877-88-6971,Oralia Boulds,$1639.84,MARKETING,ESTAGIARIO
667-60-9729,Kirstin McPhilemy,$1966.05,MARKETING,ESTAGIARIO
618-15-7583,Gun Spon,$2586.51,ESTOQUE,ESTAGIARIO
541-79-9382,Jenny Segot,$2307.33,FINANCEIRO,TECNICO
659-26-7851,Eudora Ferrie,$1610.12,ESTOQUE,ANALISTA
499-87-8413,Eulalie Bruni,$3341.88,COMERCIAL,TECNICO
740-56-0274,Kippar MacShirrie,$1244.74,MARKETING,ASSISTENTE
594-74-0327,Shane MacGeffen,$3491.63,ESTOQUE,ESTAGIARIO
897-72-2259,Lazaro Axleby,$1567.18,PROJETOS,TECNICO
683-12-5042,Patrice Durrington,$2482.20,MARKETING,ESTAGIARIO
613-29-5542,Wakefield Humberstone,$2221.79,ESTOQUE,ANALISTA
174-70-7357,Mirna Sousa,$1004.14,ESTOQUE,ANALISTA
573-84-4496,Coralie McLay,$3997.56,ESTOQUE,ESTAGIARIO
785-27-3509,Fina Dumke,$3001.49,PROJETOS,TECNICO
875-23-3011,Elfie Luebbert,$1967.63,OPERACAO,TECNICO
197-90-4778,Clemente Barday,$3064.85,FINANCEIRO,ESTAGIARIO
448-40-3827,Fannie Petworth,$2957.49,COMERCIAL,ESTAGIARIO
307-31-4638,Giulietta Tames,$1570.66,FINANCEIRO,ASSISTENTE
221-76-7553,Teodoro Iwanczyk,$2934.45,COMERCIAL,ESTAGIARIO
801-29-5038,Allyson Baversor,$3093.47,PROJETOS,TECNICO
591-88-5916,Arny Ratley,$2976.15,ESTOQUE,ANALISTA
322-61-5902,Suzy Pooley,$3272.58,FINANCEIRO,ESTAGIARIO
379-17-4042,Vida Foulcher,$2718.80,FINANCEIRO,OPERADOR DE MAQUINAS
169-45-5525,Clerc Lerner,$2145.31,MARKETING,ESTAGIARIO
808-70-4528,Tobey Mayoral,$1614.92,FINANCEIRO,ANALISTA
392-71-2799,Jeremie McCorkell,$3316.38,ESTOQUE,OPERADOR DE MAQUINAS
801-90-7692,Gloriana Chastelain,$2594.32,MARKETING,OPERADOR DE MAQUINAS
545-82-5846,Mano Leeds,$3578.23,PROJETOS,ANALISTA
328-86-7238,Iggie Dulton,$984.23,FINANCEIRO,ANALISTA
319-01-4801,Elvira D'Ugo,$3492.65,COMERCIAL,OPERADOR DE MAQUINAS
555-82-3358,Stanislas Leebeter,$2159.56,COMERCIAL,ASSISTENTE
884-67-3825,Shawn Teasdale-Markie,$3707.70,PROJETOS,ANALISTA
204-24-9582,Barney Budgey,$3682.03,ESTOQUE,TECNICO
505-57-3177,Pepillo Adelman,$2702.89,OPERACAO,OPERADOR DE MAQUINAS
117-09-3981,Fredra Aizlewood,$1086.52,COMERCIAL,ANALISTA
365-61-9472,Bartholemy Rablin,$1573.83,ESTOQUE,ASSISTENTE
552-79-7870,Neill Lendrem,$2297.11,PROJETOS,ASSISTENTE
276-99-8075,Adel Daly,$3307.11,COMERCIAL,ESTAGIARIO
615-14-3414,Sol Bacop,$3767.92,COMERCIAL,ESTAGIARIO
476-05-8449,Alyosha Dwyer,$2387.09,FINANCEIRO,TECNICO
461-58-2380,Edmon Hritzko,$3834.48,ESTOQUE,ANALISTA
361-53-2514,Correy Bottby,$2048.09,PROJETOS,ANALISTA
702-39-7342,Marsha Blasli,$2621.73,OPERACAO,ANALISTA
278-40-8746,Carey Jakubowsky,$3362.91,ESTOQUE,OPERADOR DE MAQUINAS
433-85-1634,Tully Lipsett,$1799.07,ESTOQUE,OPERADOR DE MAQUINAS
151-95-6536,Reba Brotherheed,$2607.94,OPERACAO,OPERADOR DE MAQUINAS
324-93-3310,Cyril Bome,$2018.42,ESTOQUE,ASSISTENTE
490-71-8780,Lizabeth Benoey,$1074.24,ESTOQUE,ANALISTA
620-96-0220,Howey Siebert,$2410.72,COMERCIAL,OPERADOR DE MAQUINAS
259-21-2043,Wandis Bridgen,$2882.15,PROJETOS,ESTAGIARIO
152-15-0260,Harrison Eidler,$3342.60,OPERACAO,OPERADOR DE MAQUINAS
253-79-4883,Dunc Habron,$3077.98,PROJETOS,ASSISTENTE
633-25-4861,Wendall Pady,$1852.00,PROJETOS,ESTAGIARIO
548-70-7520,Fons Vegas,$2482.67,MARKETING,ASSISTENTE
730-24-1373,Tara Jessep,$1460.19,FINANCEIRO,TECNICO
189-14-4674,Rikki Million,$1348.79,FINANCEIRO,ANALISTA
159-05-6130,Simon Copyn,$2772.40,ESTOQUE,TECNICO
278-40-9503,Robbie Dodshun,$1075.38,FINANCEIRO,TECNICO
288-48-3175,Rodrigo Ripping,$1675.64,OPERACAO,ASSISTENTE
305-92-9926,Karole Spadelli,$1744.52,OPERACAO,ANALISTA
521-65-1357,Honor Ivchenko,$3471.75,FINANCEIRO,OPERADOR DE MAQUINAS
255-57-2787,Joete Dwire,$3441.68,ESTOQUE,ASSISTENTE
109-83-3142,Myranda Wateridge,$1941.28,OPERACAO,ESTAGIARIO
120-19-8633,Henrieta Gretham,$1603.73,COMERCIAL,TECNICO
345-88-0272,Anna Aveling,$1509.53,ESTOQUE,OPERADOR DE MAQUINAS
538-71-3943,Theda McBlain,$1685.93,PROJETOS,TECNICO
708-98-5536,Witty Lagne,$1979.37,PROJETOS,ASSISTENTE
266-11-0240,Laney Hegel,$3261.03,ESTOQUE,ANALISTA
358-92-2287,Sophey Atton,$3897.92,PROJETOS,ASSISTENTE
504-58-8238,Israel McLarty,$3727.84,ESTOQUE,ANALISTA
686-14-0487,Brit Pitsall,$1577.34,PROJETOS,ASSISTENTE
650-41-4786,Richie Linklater,$2000.51,OPERACAO,TECNICO
360-92-6585,Francesca Gerding,$3289.78,FINANCEIRO,ASSISTENTE
698-72-3371,Maryanne Callacher,$2900.42,PROJETOS,ANALISTA
758-53-3567,Ofelia Morter,$3593.06,COMERCIAL,ESTAGIARIO
349-07-2566,Addison Ludlom,$3980.41,ESTOQUE,ASSISTENTE
772-18-0041,Lena Whittle,$3203.29,OPERACAO,ASSISTENTE
749-53-3071,Katinka Malpas,$1404.39,MARKETING,OPERADOR DE MAQUINAS
206-88-7605,Kalila Denyer,$2144.29,MARKETING,ASSISTENTE
291-05-8430,Danit Verlander,$1472.66,ESTOQUE,ESTAGIARIO
837-14-1042,Homere Benoiton,$1394.47,FINANCEIRO,OPERADOR DE MAQUINAS
649-31-4435,Marleah Harral,$1207.95,ESTOQUE,OPERADOR DE MAQUINAS
766-18-7143,Roby Summerlee,$3453.27,PROJETOS,TECNICO
391-72-6162,Ibrahim Duferie,$2829.93,OPERACAO,ASSISTENTE
509-72-5004,Hercules Rosenblath,$1604.48,COMERCIAL,ASSISTENTE
556-70-7217,Ephraim O'Haire,$2400.00,PROJETOS,OPERADOR DE MAQUINAS
634-50-9135,Leonanie Heers,$2612.40,FINANCEIRO,OPERADOR DE MAQUINAS
659-52-3568,Tansy Wickey,$1936.01,ESTOQUE,ESTAGIARIO
794-69-9885,Yancy Blagburn,$2803.15,FINANCEIRO,OPERADOR DE MAQUINAS
876-56-9094,Janella Such,$1627.04,COMERCIAL,ANALISTA
592-28-1144,Adrian Dockreay,$3914.92,COMERCIAL,ESTAGIARIO
896-13-3069,Cullin Seneschal,$1042.65,COMERCIAL,ESTAGIARIO
594-33-6493,Abram Earlam,$1525.59,ESTOQUE,ESTAGIARIO
537-93-9141,Maud Bearsmore,$2626.89,PROJETOS,TECNICO
120-32-7572,Felicle Wittke,$3344.52,COMERCIAL,ANALISTA
896-06-6192,Vladimir Swainston,$1982.96,FINANCEIRO,OPERADOR DE MAQUINAS
804-65-5840,Mason Larrie,$3601.70,FINANCEIRO,OPERADOR DE MAQUINAS
696-38-3457,Alethea Charlotte,$1567.34,COMERCIAL,OPERADOR DE MAQUINAS
318-76-7523,Heidi Heaslip,$1231.31,COMERCIAL,ESTAGIARIO
206-90-1308,Kirbee Saltmarsh,$2461.53,COMERCIAL,OPERADOR DE MAQUINAS
347-42-2147,Melodee Divall,$1999.06,OPERACAO,ANALISTA
472-58-0762,Megen Burmingham,$2020.77,COMERCIAL,OPERADOR DE MAQUINAS
122-81-5387,Odille Beakes,$1577.97,COMERCIAL,ESTAGIARIO
541-75-0519,Darice Batten,$2448.38,PROJETOS,ESTAGIARIO
391-90-6428,Nolana McKinie,$2513.86,FINANCEIRO,TECNICO
222-58-8840,Freeman Cheers,$3712.90,PROJETOS,ASSISTENTE
614-83-6068,Conrado Westhoff,$3469.60,FINANCEIRO,TECNICO
162-24-3780,Dorree Tall,$1200.95,MARKETING,ASSISTENTE
168-39-7595,Flori Brandt,$2027.03,FINANCEIRO,ESTAGIARIO
692-77-6748,Avrit Greville,$1702.61,FINANCEIRO,ASSISTENTE
628-22-1636,Phyllys Pritty,$2503.83,ESTOQUE,TECNICO
471-84-1981,Almire Henric,$3592.10,MARKETING,ASSISTENTE
295-58-1400,Teddie Tremellan,$3097.64,ESTOQUE,ESTAGIARIO
152-36-8752,Venita Dreger,$3264.99,FINANCEIRO,TECNICO
740-63-2405,Becky Fearey,$3380.39,ESTOQUE,ASSISTENTE
802-33-1691,Casandra Avrashin,$2354.45,ESTOQUE,TECNICO
446-15-8726,Darby Legh,$1813.95,MARKETING,ANALISTA
361-78-3516,Kimberley Vuitton,$1043.20,ESTOQUE,ASSISTENTE
457-46-0715,Mirilla Ziehm,$3363.05,ESTOQUE,OPERADOR DE MAQUINAS
110-02-3129,Millicent Rolfini,$1587.64,OPERACAO,OPERADOR DE MAQUINAS
325-13-8487,Lisbeth Addionizio,$3315.65,ESTOQUE,OPERADOR DE MAQUINAS
842-55-0668,Brigg Spalton,$1928.00,ESTOQUE,ESTAGIARIO
394-26-2721,Sharona Anthiftle,$3624.76,PROJETOS,OPERADOR DE MAQUINAS
804-05-7660,Floris Lease,$3109.26,COMERCIAL,ESTAGIARIO
196-64-6744,Jerrilee Muzzini,$1927.98,ESTOQUE,ASSISTENTE
245-70-7177,Bartlett Rodell,$3423.23,COMERCIAL,TECNICO
287-01-6615,Alyssa Maypother,$1448.12,MARKETING,ANALISTA
764-37-7024,Dyanne Gitthouse,$2780.18,PROJETOS,ANALISTA
128-92-2500,Adelina Bohike,$1243.61,ESTOQUE,ASSISTENTE
311-65-4365,Geoffry Tarburn,$3426.22,MARKETING,ANALISTA
140-69-3781,Gill Howick,$2079.26,OPERACAO,OPERADOR DE MAQUINAS
778-07-4205,Selle Windeatt,$3568.60,COMERCIAL,ASSISTENTE
537-95-4241,Kirby Rivard,$1900.64,COMERCIAL,TECNICO
786-65-3198,Chicky Jeroch,$2909.07,OPERACAO,ESTAGIARIO
702-28-8601,Dulcinea Le Houx,$1947.76,OPERACAO,ANALISTA
607-77-1787,Sibyl Wride,$2725.04,ESTOQUE,ESTAGIARIO
228-97-9777,Hank Durden,$1051.37,MARKETING,ANALISTA
434-03-5880,Kayle Gehrtz,$3122.49,COMERCIAL,ESTAGIARIO
757-22-6462,Iorgos Kellaway,$3163.31,MARKETING,ASSISTENTE
787-08-8385,Enrique Westrey,$3387.66,FINANCEIRO,TECNICO
201-79-8306,Misha Haxell,$3237.79,COMERCIAL,ESTAGIARIO
876-04-4350,Margot Veysey,$1248.56,PROJETOS,TECNICO
857-36-4394,Alfredo Jaeggi,$1399.73,ESTOQUE,OPERADOR DE MAQUINAS
194-59-8940,Gustavus Baraja,$2070.72,ESTOQUE,OPERADOR DE MAQUINAS
480-21-3077,Blanca Craw,$3360.37,OPERACAO,ASSISTENTE
260-60-1145,Denyse Charsley,$1071.14,ESTOQUE,ASSISTENTE
234-38-3388,Garrick Pleace,$2200.56,ESTOQUE,ESTAGIARIO
293-83-9931,Augusto Chitter,$3840.67,PROJETOS,ESTAGIARIO
406-72-7894,Morty McLucas,$993.53,ESTOQUE,ASSISTENTE
673-55-4765,Kore Esplin,$2608.36,COMERCIAL,TECNICO
317-12-6846,Krisha Arnaldy,$2742.95,OPERACAO,TECNICO
154-52-9973,Jabez Arkley,$1938.77,COMERCIAL,ASSISTENTE
726-46-5307,Barnabe Gelsthorpe,$3919.80,PROJETOS,ASSISTENTE
565-28-4854,Joscelin Seagrave,$3960.18,PROJETOS,ASSISTENTE
242-89-9181,Frazier Clutterham,$3723.85,FINANCEIRO,ANALISTA
257-86-8434,Mufi Langan,$3357.42,PROJETOS,ESTAGIARIO
870-94-5272,Allie Dubose,$2474.71,FINANCEIRO,TECNICO
522-94-6129,Tim Somers,$2895.50,OPERACAO,ASSISTENTE
532-08-7100,Brady Hopfer,$3828.72,ESTOQUE,ASSISTENTE
423-47-2476,Tanitansy Lanaway,$2146.18,COMERCIAL,ANALISTA
277-59-4997,Dewey Darque,$3521.90,MARKETING,ASSISTENTE
721-29-2529,Halimeda Bratley,$2175.63,COMERCIAL,TECNICO
235-40-4157,Ynez Grummitt,$1591.51,PROJETOS,OPERADOR DE MAQUINAS
272-96-8415,Idalia Brotheridge,$3282.33,PROJETOS,ANALISTA
120-42-4350,Blondy Kornilyev,$1488.22,PROJETOS,ESTAGIARIO
894-01-1809,Pate Stang-Gjertsen,$2352.43,MARKETING,ESTAGIARIO
562-25-5315,Andrey Stickland,$1170.28,PROJETOS,ESTAGIARIO
714-29-7293,Bart Montes,$2252.00,OPERACAO,OPERADOR DE MAQUINAS
594-15-3751,Piotr Crucitti,$2563.01,COMERCIAL,ASSISTENTE
516-71-5005,Erica Edler,$3188.44,MARKETING,OPERADOR DE MAQUINAS
841-10-0009,Aksel Enden,$2568.75,COMERCIAL,ANALISTA
582-71-6643,Lanette Mackro,$1861.89,OPERACAO,ANALISTA
636-65-8196,Marie-jeanne Lauridsen,$1924.65,PROJETOS,OPERADOR DE MAQUINAS
170-90-3149,Lorri Gherardesci,$3591.73,MARKETING,ASSISTENTE
322-03-7039,Linnell Mottini,$1493.12,COMERCIAL,TECNICO
377-90-3722,Seward Jardin,$2157.87,ESTOQUE,TECNICO
317-25-0874,Burgess Crilly,$3002.80,OPERACAO,OPERADOR DE MAQUINAS
140-95-5114,Reuven Basilio,$1912.28,PROJETOS,OPERADOR DE MAQUINAS
540-28-0460,Lane Curryer,$2654.23,FINANCEIRO,ANALISTA
693-19-6638,Kizzee Ablett,$3453.91,MARKETING,OPERADOR DE MAQUINAS
299-96-8726,Krysta Bedwell,$2357.10,COMERCIAL,ASSISTENTE
334-90-5967,Munmro McKillop,$2511.87,COMERCIAL,ANALISTA
210-52-0825,Nikolas Weakley,$2531.41,MARKETING,TECNICO
614-56-0127,Matthaeus Umpleby,$1844.54,FINANCEIRO,OPERADOR DE MAQUINAS
673-92-7942,Ludvig Malacrida,$1438.50,COMERCIAL,TECNICO
827-11-6244,Brennan Street,$3311.55,FINANCEIRO,TECNICO
250-05-4595,Worth Zotto,$1092.07,PROJETOS,OPERADOR DE MAQUINAS
188-94-5603,Edna Linstead,$3693.61,OPERACAO,OPERADOR DE MAQUINAS
125-86-4803,Torre Le Hucquet,$3151.38,COMERCIAL,TECNICO
645-98-6921,Madel Ferber,$2934.73,ESTOQUE,ASSISTENTE
699-86-7564,Arliene Furminger,$1362.19,MARKETING,ESTAGIARIO
247-85-8328,Rubina Clowser,$3099.74,ESTOQUE,ASSISTENTE
496-06-9304,Emyle Duxbarry,$3547.84,MARKETING,ESTAGIARIO
111-25-5851,Todd Guiot,$1831.33,PROJETOS,ANALISTA
652-46-5284,Koo Fanthom,$2842.00,OPERACAO,OPERADOR DE MAQUINAS
641-01-7182,Odo Denslow,$1146.48,OPERACAO,OPERADOR DE MAQUINAS
670-04-2472,Sergeant Fishbourn,$1416.25,ESTOQUE,OPERADOR DE MAQUINAS
150-57-9914,Nora Wiffield,$3300.24,MARKETING,ESTAGIARIO
349-85-1564,Garvy Ahmed,$2315.11,PROJETOS,ESTAGIARIO
610-54-8784,Eugenia Bateman,$3919.04,PROJETOS,TECNICO
142-82-3763,Rice Fennick,$3378.27,ESTOQUE,ANALISTA
360-67-8094,Catherin Grewcock,$3938.62,FINANCEIRO,ASSISTENTE
885-76-5877,Carlynne Rivalant,$1956.09,FINANCEIRO,ESTAGIARIO
134-09-5513,Lorrin Kulic,$3228.86,COMERCIAL,ANALISTA
871-35-8244,Tommy Ledwich,$3899.44,OPERACAO,ANALISTA
326-99-0655,Ignacius Wooster,$3835.35,PROJETOS,ASSISTENTE
672-36-0385,Fae Bogays,$3781.27,OPERACAO,ANALISTA
110-18-8567,Dotty Tailour,$3532.10,OPERACAO,ANALISTA
804-58-6071,Alane Grimsdike,$3554.07,MARKETING,ANALISTA
491-57-5379,Miner Le Guin,$3595.05,COMERCIAL,ESTAGIARIO
783-64-6829,Berkley Kraut,$3467.35,FINANCEIRO,OPERADOR DE MAQUINAS
779-41-2392,Willi Brudenell,$2482.88,MARKETING,ESTAGIARIO
335-36-9547,Baxy Papaccio,$1041.54,FINANCEIRO,ASSISTENTE
152-83-4513,Retha Rickertsen,$3354.14,ESTOQUE,OPERADOR DE MAQUINAS
539-69-9333,Coriss Songhurst,$2102.04,MARKETING,ASSISTENTE
350-53-7020,Rozella Lortz,$2188.51,MARKETING,ANALISTA
692-58-6153,Giavani Leader,$3584.90,OPERACAO,TECNICO
205-96-0589,Jeramey Slarke,$2512.49,COMERCIAL,ASSISTENTE
361-65-5974,Clemmy Shayler,$2329.73,ESTOQUE,OPERADOR DE MAQUINAS
553-46-0273,Cornell Thurnham,$3868.98,MARKETING,TECNICO
321-37-3707,Lilla Gorgl,$1112.29,MARKETING,ANALISTA
781-84-4440,Brandy Lethley,$2980.45,OPERACAO,OPERADOR DE MAQUINAS
658-98-5368,Jeffy Raecroft,$3728.66,FINANCEIRO,ESTAGIARIO
757-67-8863,Karrah Lecount,$3050.35,ESTOQUE,TECNICO
327-84-7634,Hakeem Greenier,$1371.11,OPERACAO,ESTAGIARIO
613-99-8633,Bengt Farnill,$1138.35,FINANCEIRO,OPERADOR DE MAQUINAS
544-24-9221,Trudy Schechter,$1512.67,PROJETOS,ANALISTA
339-44-6195,Mathew Bruggen,$1927.74,OPERACAO,ASSISTENTE
167-86-0786,Darya Beneze,$2342.21,MARKETING,OPERADOR DE MAQUINAS
849-26-9071,Charil Kiehl,$1365.53,MARKETING,TECNICO
172-50-7175,Paulie Scamp,$2868.33,OPERACAO,TECNICO
555-15-7204,Randa Cauldfield,$1702.29,OPERACAO,ESTAGIARIO
650-38-3335,Herta Dell,$1233.56,COMERCIAL,ESTAGIARIO
741-85-1220,Ferdinand Peoples,$2546.15,OPERACAO,ESTAGIARIO
493-32-9879,Elisha Arnot,$1701.86,ESTOQUE,TECNICO
246-99-2705,Alika Nornable,$2191.85,OPERACAO,TECNICO
726-84-7385,Shea Todari,$1914.94,OPERACAO,ESTAGIARIO
591-52-0647,Gilbertine Baraclough,$3576.70,FINANCEIRO,ESTAGIARIO
669-07-4675,Dyanne Pigny,$1952.23,ESTOQUE,ASSISTENTE
224-67-1972,Shellie Biesty,$3605.42,MARKETING,TECNICO
603-02-8807,Bing Easter,$2121.28,PROJETOS,OPERADOR DE MAQUINAS
701-65-0008,Prince Ivanyushin,$1473.53,PROJETOS,ESTAGIARIO
895-63-4365,Birk Gebhard,$3344.10,PROJETOS,ESTAGIARIO
354-66-5309,Norbert Dutnall,$2355.42,FINANCEIRO,OPERADOR DE MAQUINAS
531-94-3052,Perkin Gillingwater,$2367.37,PROJETOS,ANALISTA
182-62-9451,Rudd Frisdick,$3318.49,PROJETOS,OPERADOR DE MAQUINAS
141-85-3208,Latrina Kyncl,$1431.87,PROJETOS,ESTAGIARIO
544-04-2905,Daniele Digweed,$2213.81,ESTOQUE,OPERADOR DE MAQUINAS
604-98-4874,Casandra Curr,$1577.67,FINANCEIRO,TECNICO
129-73-8053,Joe Clemmey,$3136.56,COMERCIAL,TECNICO
828-31-8364,Minette Merryman,$3820.10,MARKETING,ANALISTA
418-37-9560,Shanie Fox,$2979.93,COMERCIAL,TECNICO
349-01-2576,Crissy Edmeads,$2409.02,MARKETING,ASSISTENTE
329-78-7778,Desmond Brenton,$2106.98,ESTOQUE,TECNICO
179-14-3202,Elberta McGorley,$3974.93,ESTOQUE,ANALISTA
254-43-6929,Carole Broomer,$1532.82,OPERACAO,TECNICO
761-82-9532,Reggie Tyght,$2246.34,OPERACAO,ESTAGIARIO
130-28-9964,Allyson Hacket,$1145.88,OPERACAO,ASSISTENTE
627-18-7545,Woodie Bettesworth,$3133.33,COMERCIAL,OPERADOR DE MAQUINAS
457-95-3074,Annamaria Hughlin,$2913.86,OPERACAO,OPERADOR DE MAQUINAS
788-09-7638,Maddalena Wickett,$1369.85,OPERACAO,ESTAGIARIO
458-86-7444,Rhianon Groven,$3160.98,OPERACAO,ANALISTA
649-88-4923,Cati McNicol,$1453.36,OPERACAO,ASSISTENTE
405-72-0778,Reginauld Aseef,$2631.62,PROJETOS,ASSISTENTE
360-59-3962,Walker Worms,$1736.52,OPERACAO,ESTAGIARIO
802-59-4860,Rikki Margaret,$3534.65,ESTOQUE,ESTAGIARIO
111-73-1387,Gale Ginman,$2754.28,FINANCEIRO,TECNICO
616-53-4744,Cobbie Gammack,$2844.95,MARKETING,OPERADOR DE MAQUINAS
141-41-5272,Anestassia Speers,$1159.96,OPERACAO,OPERADOR DE MAQUINAS
643-08-4742,Harmonia Penburton,$1812.61,COMERCIAL,TECNICO
509-73-4516,Gian Gosnall,$3923.69,OPERACAO,OPERADOR DE MAQUINAS
302-10-1412,Marielle Body,$1081.26,ESTOQUE,ASSISTENTE
164-27-3473,Mareah Cleverly,$1448.10,COMERCIAL,ANALISTA
564-40-2537,Napoleon Flight,$1403.17,PROJETOS,ESTAGIARIO
288-56-8598,Reba Sherrin,$2570.21,PROJETOS,OPERADOR DE MAQUINAS
173-60-9268,Rudolfo Wise,$1197.28,MARKETING,ANALISTA
382-93-9484,Angil MacCallester,$1639.33,COMERCIAL,ESTAGIARIO
280-93-9597,Lilli Ault,$1498.44,OPERACAO,ANALISTA
403-16-6568,Jeanine Morch,$2316.49,COMERCIAL,ASSISTENTE
852-59-7527,De witt Shemming,$2352.17,OPERACAO,ANALISTA
465-57-9932,Gabbie Koomar,$3517.74,ESTOQUE,TECNICO
831-68-5975,Yolane Lightwood,$2676.85,OPERACAO,ANALISTA
166-96-5786,Rowland Sergeant,$2371.52,PROJETOS,ESTAGIARIO
423-65-3187,Jacquenette Giorgioni,$2763.02,PROJETOS,TECNICO
375-83-7768,Orsola Hearl,$2078.64,OPERACAO,ESTAGIARIO
265-16-6292,Jackqueline Combe,$1169.92,FINANCEIRO,ESTAGIARIO
841-44-1023,Mayor McShane,$1443.84,ESTOQUE,ASSISTENTE
674-33-3966,Edee Arunowicz,$2188.12,FINANCEIRO,ESTAGIARIO
629-30-4388,Leanora Swaisland,$1630.26,OPERACAO,TECNICO
223-61-8516,Caren Biasi,$1265.12,FINANCEIRO,ESTAGIARIO
216-40-3607,Cathe Tschiersch,$2859.62,FINANCEIRO,OPERADOR DE MAQUINAS
349-85-9788,Vonnie Barizeret,$3686.51,FINANCEIRO,TECNICO
574-96-3846,Torrence Manicomb,$1209.19,FINANCEIRO,TECNICO
184-77-3281,Osbourn Westcar,$1290.06,FINANCEIRO,ESTAGIARIO
225-86-3965,Esmeralda MacSharry,$3731.34,OPERACAO,ANALISTA
508-82-4394,Adrianne Gueny,$2019.78,FINANCEIRO,TECNICO
708-63-7920,Chance O'Scollain,$3224.33,COMERCIAL,ANALISTA
596-80-7634,Traci Halford,$3300.72,MARKETING,ASSISTENTE
187-03-6017,Cyrille Franchi,$1677.69,COMERCIAL,ESTAGIARIO
837-10-3745,Gualterio Bartoszewski,$2482.18,MARKETING,ASSISTENTE
756-13-1891,Colene Phonix,$2382.52,COMERCIAL,ESTAGIARIO
161-75-6627,Dinny Gartrell,$2207.51,PROJETOS,ASSISTENTE
108-25-0987,Maxine Mersh,$1784.17,ESTOQUE,ESTAGIARIO
815-86-3002,Ruperto Parncutt,$2865.25,ESTOQUE,TECNICO
601-66-9499,Sheffie Scamwell,$3297.85,COMERCIAL,ESTAGIARIO
865-04-8239,Tori O'Hannen,$3920.09,OPERACAO,TECNICO
